id,latitude,longitude
30262,5.05923810,-75.48947710
31015,5.05079720,-75.49271640
31088,5.04589650,-75.48141590
31149,5.07073840,-75.50800460
35536,5.04588970,-75.48133850
35777,5.07046940,-75.49271640
35835,5.05079720,-75.49271640
35838,5.05079720,-75.49271640
35875,5.05079720,-75.49271640
35919,5.07073840,-75.50800460
35978,5.07046940,-75.49271640
36029,5.05079720,-75.49271640
36049,5.05079720,-75.49271640
36050,5.05079720,-75.49271640
36060,5.05079720,-75.49271640
36095,5.07073840,-75.50800460
36110,5.07073840,-75.50800460
36132,5.07046940,-75.49271640
36173,5.07046940,-75.49271640
36212,5.05079400,-75.49344440
36252,5.05267010,-75.49344450
36285,5.07046940,-75.49271640
36372,5.07073840,-75.50800460
36403,5.07073840,-75.50800460
36419,5.07073840,-75.50800460
36432,5.07073840,-75.50800460
36459,5.07073840,-75.50800460
36490,5.05937920,-75.49419520
36497,5.05937920,-75.49419520
36504,5.07073840,-75.50800460
36514,5.05937920,-75.49419520
36522,5.05937920,-75.49419520
36532,5.05937920,-75.49419520
36542,5.05937920,-75.49419520
36528,5.05610240,-75.49419520
36534,5.05937920,-75.49419520
36535,5.05937920,-75.49419520
36561,5.05937920,-75.49747200
36539,5.05937920,-75.49419520
36543,5.05937920,-75.49419520
36544,5.05937920,-75.49419520
36545,5.05937920,-75.49419520
36546,5.05937920,-75.49419520
36559,5.05937920,-75.49419520
36549,5.05937920,-75.49419520
36553,5.05937920,-75.49419520
36555,5.05937920,-75.49419520
36562,5.05937920,-75.49747200
36565,5.05937920,-75.49747200
36568,5.05937920,-75.49747200
36569,5.05937920,-75.49747200
36583,5.05937920,-75.49747200
36589,5.05937920,-75.49747200
36597,5.05610240,-75.49419520
36599,5.05610240,-75.49419520
36601,5.05610240,-75.49419520
36605,5.05610240,-75.49419520
36603,5.05610240,-75.49419520
36607,5.05610240,-75.49419520
36604,5.05610240,-75.49419520
36608,5.05610240,-75.49419520
36606,5.05610240,-75.49419520
36619,5.05610240,-75.49419520
36620,5.05610240,-75.49419520
36636,5.05610240,-75.49091840
36673,5.06920960,-75.51057920
36713,5.06820200,-75.50072470
36739,5.05282560,-75.49091840
36768,5.05282560,-75.49091840
36897,5.07046940,-75.49271640
36900,5.07046940,-75.49271640
36905,5.07046940,-75.49271640
36909,5.07046940,-75.49271640
36917,5.07046940,-75.49271640
36921,5.07046940,-75.49271640
36931,5.07046940,-75.49271640
36940,5.07046940,-75.49271640
36942,5.07046940,-75.49271640
36947,5.07046940,-75.49271640
36990,5.05079720,-75.49271640
37005,5.05079720,-75.49271640
37006,5.05079720,-75.49271640
37016,5.05079720,-75.49271640
37033,5.05079720,-75.49271640
37046,5.05079720,-75.49271640
37083,5.07073840,-75.50800460
37149,5.05937920,-75.49747200
37169,5.05937920,-75.49747200
37207,5.07248640,-75.51713280
37212,5.07248640,-75.51713280
37215,5.07248640,-75.51713280
37213,5.07248640,-75.51713280
37220,5.07248640,-75.51713280
37216,5.07248640,-75.51713280
37228,5.07248640,-75.51713280
37232,5.07248640,-75.51713280
37251,5.07248640,-75.51713280
37271,5.07248640,-75.51713280
37278,5.07248640,-75.51713280
37295,5.07248640,-75.51713280
37309,5.07248640,-75.51713280
37346,5.07248640,-75.51713280
37351,5.07248640,-75.51713280
37349,5.07248640,-75.51713280
37350,5.07248640,-75.51713280
37353,5.07248640,-75.51713280
37359,5.07248640,-75.51713280
37384,5.07248640,-75.51713280
37395,5.07248640,-75.51713280
37401,5.07248640,-75.51713280
37446,5.07248640,-75.51713280
37479,5.07248640,-75.51713280
37489,5.07248640,-75.51713280
37495,5.07248640,-75.51713280
37555,5.07248640,-75.51713280
37564,5.07248640,-75.51713280
37580,5.07248640,-75.51713280
37608,5.07248640,-75.51713280
37611,5.07248640,-75.51713280
37669,5.06593280,-75.51057920
37670,5.06593280,-75.51057920
37753,5.07248640,-75.51713280
37785,5.06920960,-75.51385600
37796,5.06920960,-75.51385600
37811,5.06920960,-75.51385600
37822,5.07248640,-75.51713280
37836,5.07248640,-75.51713280
37840,5.07248640,-75.51713280
37857,5.07248640,-75.51713280
37882,5.07248640,-75.51713280
37962,5.07248640,-75.51713280
37961,5.07248640,-75.51713280
37995,5.07248640,-75.51713280
38024,5.06920960,-75.51385600
38079,5.04954880,-75.48108800
38105,5.07248640,-75.51713280
38176,5.07248640,-75.51713280
38198,5.07248640,-75.51713280
38253,5.07248640,-75.51713280
38307,5.07248640,-75.51713280
38308,5.07248640,-75.51713280
38310,5.07248640,-75.51713280
38343,5.04610490,-75.50873260
39380,5.05479050,-75.48701130
39371,5.05922760,-75.48946570
39370,5.05921390,-75.48944950
38407,5.07248640,-75.51713280
38427,5.07248640,-75.51713280
38441,5.07248640,-75.51713280
38447,5.07248640,-75.51713280
38450,5.07248640,-75.51713280
38456,5.07248640,-75.51713280
38466,5.07248640,-75.51713280
38469,5.07248640,-75.51713280
38483,5.07248640,-75.51713280
38488,5.07248640,-75.51713280
38506,5.07248640,-75.51713280
38513,5.07248640,-75.51713280
38512,5.07248640,-75.51713280
38508,5.07248640,-75.51713280
38510,5.07248640,-75.51713280
38511,5.07248640,-75.51713280
38514,5.07248640,-75.51713280
38515,5.07248640,-75.51713280
38521,5.07248640,-75.51713280
38542,5.07248640,-75.51713280
38554,5.07248640,-75.51713280
38561,5.07248640,-75.51713280
38557,5.07248640,-75.51713280
38559,5.07248640,-75.51713280
38562,5.07248640,-75.51713280
38564,5.07248640,-75.51713280
38573,5.07248640,-75.51713280
38565,5.07248640,-75.51713280
38566,5.07248640,-75.51713280
38567,5.07248640,-75.51713280
38568,5.07248640,-75.51713280
38570,5.07248640,-75.51713280
38571,5.07248640,-75.51713280
38572,5.07248640,-75.51713280
38574,5.07248640,-75.51713280
38575,5.07248640,-75.51713280
38578,5.07248640,-75.51713280
38576,5.07248640,-75.51713280
38577,5.07248640,-75.51713280
38580,5.07248640,-75.51713280
38582,5.07248640,-75.51713280
38581,5.07248640,-75.51713280
38585,5.07248640,-75.51713280
38584,5.06920960,-75.51385600
38614,5.07248640,-75.51713280
38587,5.07248640,-75.51713280
38588,5.07248640,-75.51713280
38589,5.07248640,-75.51713280
38590,5.07248640,-75.51713280
38591,5.07248640,-75.51713280
38592,5.07248640,-75.51713280
38596,5.07248640,-75.51713280
38611,5.07248640,-75.51713280
38599,5.07248640,-75.51713280
38600,5.07248640,-75.51713280
38601,5.07248640,-75.51713280
38602,5.07248640,-75.51713280
39369,5.05922760,-75.48946570
38605,5.07248640,-75.51713280
38607,5.07248640,-75.51713280
38608,5.07248640,-75.51713280
38609,5.07248640,-75.51713280
38610,5.07248640,-75.51713280
38612,5.07248640,-75.51713280
38613,5.07248640,-75.51713280
38616,5.07248640,-75.51713280
38615,5.07248640,-75.51713280
38617,5.07248640,-75.51713280
38618,5.07248640,-75.51713280
38619,5.07248640,-75.51713280
38620,5.07248640,-75.51713280
38621,5.07248640,-75.51713280
38623,5.07248640,-75.51713280
38624,5.07248640,-75.51713280
38625,5.07248640,-75.51713280
38628,5.07248640,-75.51713280
38627,5.07248640,-75.51713280
38629,5.07248640,-75.51713280
38633,5.07248640,-75.51713280
38634,5.07248640,-75.51713280
38635,5.07248640,-75.51713280
38833,5.07248640,-75.51713280
38636,5.07248640,-75.51713280
38637,5.07248640,-75.51713280
38639,5.07248640,-75.51713280
38641,5.07248640,-75.51713280
38640,5.07248640,-75.51713280
38642,5.07248640,-75.51713280
38643,5.06920960,-75.51385600
38644,5.06920960,-75.51385600
38645,5.06920960,-75.51385600
38647,5.06920960,-75.51385600
38646,5.06920960,-75.51385600
38648,5.06920960,-75.51385600
38649,5.06920960,-75.51385600
38650,5.06920960,-75.51385600
38651,5.06920960,-75.51385600
38654,5.06920960,-75.51385600
38652,5.06920960,-75.51385600
38653,5.06920960,-75.51385600
38655,5.06920960,-75.51385600
38656,5.06920960,-75.51385600
38657,5.06920960,-75.51385600
38658,5.06920960,-75.51385600
38659,5.06920960,-75.51385600
38660,5.06920960,-75.51385600
38661,5.06920960,-75.51385600
38662,5.06920960,-75.51385600
38663,5.06920960,-75.51385600
38664,5.06920960,-75.51385600
38665,5.06920960,-75.51385600
38666,5.06920960,-75.51385600
38671,5.06920960,-75.51385600
38668,5.06920960,-75.51385600
38669,5.06920960,-75.51385600
38670,5.06920960,-75.51385600
38672,5.06920960,-75.51385600
38673,5.06920960,-75.51385600
38674,5.06920960,-75.51385600
38675,5.06920960,-75.51385600
38677,5.06920960,-75.51385600
38678,5.06920960,-75.51385600
38679,5.06920960,-75.51385600
38680,5.06920960,-75.51385600
38681,5.06920960,-75.51385600
38682,5.06920960,-75.51385600
38683,5.06920960,-75.51385600
38684,5.06920960,-75.51385600
38685,5.06920960,-75.51385600
38688,5.06920960,-75.51385600
38687,5.06920960,-75.51385600
38689,5.06920960,-75.51385600
38690,5.06920960,-75.51385600
38691,5.06920960,-75.51385600
38692,5.06920960,-75.51385600
38693,5.06920960,-75.51385600
38694,5.06920960,-75.51385600
38696,5.06920960,-75.51385600
38695,5.06920960,-75.51385600
38697,5.06920960,-75.51385600
38701,5.06920960,-75.51385600
38698,5.06920960,-75.51385600
38699,5.06920960,-75.51385600
38700,5.06920960,-75.51385600
38704,5.06920960,-75.51385600
38702,5.06920960,-75.51385600
38703,5.06920960,-75.51385600
38705,5.06920960,-75.51385600
38706,5.06920960,-75.51385600
38707,5.06920960,-75.51385600
38708,5.06920960,-75.51385600
38709,5.06920960,-75.51385600
38711,5.06920960,-75.51385600
38712,5.06920960,-75.51385600
38714,5.06920960,-75.51385600
38744,5.06920960,-75.51385600
38719,5.06920960,-75.51385600
38713,5.06920960,-75.51385600
38715,5.06920960,-75.51385600
38716,5.06920960,-75.51385600
38717,5.06920960,-75.51385600
38718,5.06920960,-75.51385600
38720,5.06920960,-75.51385600
38721,5.06920960,-75.51385600
38733,5.06920960,-75.51385600
38723,5.06920960,-75.51385600
38724,5.06920960,-75.51385600
38725,5.06920960,-75.51385600
38726,5.06920960,-75.51385600
38727,5.06920960,-75.51385600
38728,5.06920960,-75.51385600
38729,5.06920960,-75.51385600
38730,5.06920960,-75.51385600
38731,5.06920960,-75.51385600
38739,5.06920960,-75.51385600
38732,5.06920960,-75.51385600
38734,5.06920960,-75.51385600
38736,5.06920960,-75.51385600
38737,5.06920960,-75.51385600
38738,5.06920960,-75.51385600
38740,5.06920960,-75.51385600
38741,5.06920960,-75.51385600
38742,5.06920960,-75.51385600
38743,5.06920960,-75.51385600
38808,5.06920960,-75.51385600
38782,5.06920960,-75.51385600
38745,5.06920960,-75.51385600
38747,5.06920960,-75.51385600
38748,5.06920960,-75.51385600
38749,5.06920960,-75.51385600
38750,5.06920960,-75.51385600
38752,5.06920960,-75.51385600
38751,5.06920960,-75.51385600
38753,5.06920960,-75.51385600
38754,5.06920960,-75.51385600
38755,5.06920960,-75.51385600
38763,5.06920960,-75.51385600
38758,5.06920960,-75.51385600
38803,5.06920960,-75.51385600
38761,5.06920960,-75.51385600
38760,5.06920960,-75.51385600
38762,5.06920960,-75.51385600
38765,5.06920960,-75.51385600
38766,5.06920960,-75.51385600
38770,5.06920960,-75.51385600
38769,5.06920960,-75.51385600
38771,5.06920960,-75.51385600
38773,5.06920960,-75.51385600
38796,5.06920960,-75.51385600
38774,5.06920960,-75.51385600
38775,5.06920960,-75.51385600
38776,5.06920960,-75.51385600
38777,5.06920960,-75.51385600
38779,5.06920960,-75.51057920
38778,5.06920960,-75.51385600
38780,5.06920960,-75.51385600
38783,5.06920960,-75.51385600
38784,5.06920960,-75.51385600
38785,5.06920960,-75.51385600
38786,5.06920960,-75.51385600
38787,5.06920960,-75.51385600
38805,5.06920960,-75.51385600
38788,5.06920960,-75.51385600
38789,5.06920960,-75.51385600
38790,5.06920960,-75.51385600
38797,5.06920960,-75.51385600
38791,5.06920960,-75.51385600
38795,5.06920960,-75.51385600
38792,5.06920960,-75.51385600
38793,5.06920960,-75.51385600
38794,5.06920960,-75.51385600
38798,5.06920960,-75.51385600
38818,5.06920960,-75.51057920
38799,5.06920960,-75.51385600
38800,5.06920960,-75.51385600
38801,5.06920960,-75.51385600
38802,5.06920960,-75.51385600
38804,5.06920960,-75.51385600
38806,5.06920960,-75.51385600
38809,5.06920960,-75.51385600
38811,5.06920960,-75.51057920
38810,5.06920960,-75.51057920
38815,5.06920960,-75.51057920
38812,5.06920960,-75.51057920
38813,5.06920960,-75.51057920
38814,5.07248640,-75.51713280
38816,5.06920960,-75.51057920
38817,5.06920960,-75.51057920
38819,5.06920960,-75.51057920
38821,5.07248640,-75.51713280
38822,5.06920960,-75.51057920
38823,5.06920960,-75.51057920
38824,5.07248640,-75.51713280
38825,5.07248640,-75.51713280
38826,5.07248640,-75.51713280
38827,5.07248640,-75.51713280
38834,5.07248640,-75.51713280
38828,5.07248640,-75.51713280
38829,5.07248640,-75.51713280
38830,5.07248640,-75.51713280
38835,5.07248640,-75.51713280
38831,5.07248640,-75.51713280
38832,5.07248640,-75.51713280
38836,5.07248640,-75.51713280
38837,5.07248640,-75.51713280
38838,5.07248640,-75.51713280
38839,5.07248640,-75.51713280
38840,5.07248640,-75.51713280
38841,5.07248640,-75.51713280
38843,5.07248640,-75.51713280
38844,5.07248640,-75.51713280
38845,5.07248640,-75.51713280
38846,5.07248640,-75.51713280
38847,5.07248640,-75.51713280
38848,5.07248640,-75.51713280
38849,5.07248640,-75.51713280
38850,5.07248640,-75.51713280
38851,5.07248640,-75.51713280
38853,5.07248640,-75.51713280
38854,5.07248640,-75.51713280
38855,5.06920960,-75.51385600
38856,5.06920960,-75.51385600
38857,5.06920960,-75.51385600
38859,5.06920960,-75.51385600
38861,5.06920960,-75.51385600
38860,5.06920960,-75.51385600
38862,5.06920960,-75.51385600
38863,5.06920960,-75.51385600
38865,5.06920960,-75.51385600
38864,5.06920960,-75.51385600
38872,5.06920960,-75.51385600
38866,5.06920960,-75.51385600
38867,5.06920960,-75.51385600
38869,5.06920960,-75.51385600
38868,5.06920960,-75.51057920
38895,5.06920960,-75.51057920
38870,5.06920960,-75.51385600
38871,5.06920960,-75.51057920
38873,5.06920960,-75.51385600
38874,5.06920960,-75.51385600
38875,5.06920960,-75.51385600
38876,5.06920960,-75.51057920
38877,5.06920960,-75.51385600
38878,5.06920960,-75.51385600
38898,5.06920960,-75.51057920
38894,5.06920960,-75.51057920
38879,5.06920960,-75.51385600
38880,5.06920960,-75.51385600
38886,5.06920960,-75.51057920
38881,5.06920960,-75.51385600
38882,5.06920960,-75.51385600
38883,5.06920960,-75.51385600
38884,5.06920960,-75.51385600
38885,5.06920960,-75.51385600
38888,5.06920960,-75.51057920
38889,5.06920960,-75.51057920
38890,5.06920960,-75.51057920
38891,5.06920960,-75.51057920
38893,5.06920960,-75.51057920
38896,5.06920960,-75.51057920
38897,5.06920960,-75.51057920
38899,5.06920960,-75.51057920
38900,5.06920960,-75.51057920
38901,5.06920960,-75.51057920
38902,5.06920960,-75.51057920
38904,5.06920960,-75.51057920
38903,5.06920960,-75.51057920
38905,5.06920960,-75.51057920
38906,5.06920960,-75.51057920
38907,5.06920960,-75.51057920
38908,5.06920960,-75.51057920
38909,5.06920960,-75.51057920
38910,5.06920960,-75.50730240
38911,5.06920960,-75.51057920
38912,5.06920960,-75.51057920
38914,5.06920960,-75.51057920
38913,5.06920960,-75.50730240
38916,5.06920960,-75.50730240
38915,5.06920960,-75.50730240
38917,5.06920960,-75.50730240
38919,5.06920960,-75.50730240
38920,5.06920960,-75.50730240
38922,5.06920960,-75.50730240
38930,5.06920960,-75.50730240
38961,5.06920960,-75.50730240
38923,5.06920960,-75.50730240
38925,5.07248640,-75.51385600
38927,5.06920960,-75.50730240
38928,5.06920960,-75.50730240
38929,5.06920960,-75.50730240
38931,5.06920960,-75.50730240
38932,5.06920960,-75.50730240
38935,5.06920960,-75.50730240
38946,5.06920960,-75.50730240
38940,5.06920960,-75.50730240
38936,5.06920960,-75.50730240
38937,5.06920960,-75.50730240
38938,5.06920960,-75.50730240
38941,5.06920960,-75.50730240
38943,5.06920960,-75.50730240
38944,5.06920960,-75.50730240
38945,5.06920960,-75.50730240
38947,5.06920960,-75.50730240
38948,5.06920960,-75.50730240
38952,5.06920960,-75.50730240
38949,5.06920960,-75.50730240
38950,5.05920960,-75.48946160
38957,5.06920960,-75.50730240
38953,5.06920960,-75.50730240
38955,5.06920960,-75.50730240
38956,5.06920960,-75.50730240
38959,5.06920960,-75.50730240
38958,5.06920960,-75.50730240
38960,5.06920960,-75.50730240
38965,5.06920960,-75.50730240
38962,5.06920960,-75.50730240
38963,5.06920960,-75.50730240
38964,5.06920960,-75.50730240
38981,5.06920960,-75.50730240
38966,5.06920960,-75.50730240
38972,5.06920960,-75.50730240
38970,5.06920960,-75.50730240
38985,5.06920960,-75.50730240
38971,5.06920960,-75.50730240
39000,5.06920960,-75.50730240
39048,5.06593280,-75.51057920
38974,5.06920960,-75.50730240
38980,5.06920960,-75.50730240
38984,5.06920960,-75.50730240
38983,5.06920960,-75.50730240
38986,5.06920960,-75.50730240
38987,5.06920960,-75.50730240
38988,5.06920960,-75.50730240
39002,5.06920960,-75.50730240
38990,5.06920960,-75.50730240
38991,5.06920960,-75.50730240
38992,5.06920960,-75.50730240
38993,5.06920960,-75.50730240
38994,5.06920960,-75.50730240
38995,5.06920960,-75.50730240
38997,5.06920960,-75.50730240
38999,5.06920960,-75.50730240
39001,5.06920960,-75.51057920
39004,5.06920960,-75.50730240
39005,5.06920960,-75.50730240
39007,5.06920960,-75.50730240
39009,5.06920960,-75.50730240
39026,5.06920960,-75.50730240
39049,5.06920960,-75.50730240
39012,5.06920960,-75.50730240
39014,5.06920960,-75.50730240
39013,5.06920960,-75.50730240
39015,5.06920960,-75.50730240
39016,5.06920960,-75.50730240
39017,5.06920960,-75.50730240
39018,5.06920960,-75.50730240
39019,5.06920960,-75.50730240
39027,5.06920960,-75.50730240
39020,5.06920960,-75.50730240
39021,5.06920960,-75.50730240
39022,5.06920960,-75.50730240
39029,5.06920960,-75.51057920
39023,5.06920960,-75.50730240
39024,5.06920960,-75.50730240
39025,5.06920960,-75.51057920
39028,5.06920960,-75.50730240
39030,5.06920960,-75.50730240
39031,5.06920960,-75.50730240
39032,5.06920960,-75.50730240
39033,5.06920960,-75.50730240
39034,5.06920960,-75.50730240
39035,5.06920960,-75.50730240
39039,5.06920960,-75.50730240
39036,5.06920960,-75.50730240
39037,5.06920960,-75.50730240
39038,5.06920960,-75.50730240
39040,5.06920960,-75.50730240
39041,5.06920960,-75.51057920
39043,5.06593280,-75.51057920
39044,5.06593280,-75.51057920
39045,5.06920960,-75.51057920
39047,5.06593280,-75.51057920
39046,5.06593280,-75.51057920
39051,5.06920960,-75.51057920
39050,5.06920960,-75.51057920
39052,5.06920960,-75.51057920
39054,5.06920960,-75.51057920
39053,5.06920960,-75.51057920
39056,5.06920960,-75.51057920
39055,5.06920960,-75.51057920
39057,5.06920960,-75.51057920
39058,5.06920960,-75.51057920
39059,5.06920960,-75.51057920
39060,5.06920960,-75.51057920
39062,5.06920960,-75.51057920
39061,5.06920960,-75.51057920
39063,5.06920960,-75.51057920
39064,5.06920960,-75.51057920
39072,5.06920960,-75.51057920
39065,5.06920960,-75.51057920
39066,5.06920960,-75.51057920
39068,5.06920960,-75.51057920
39067,5.06920960,-75.51057920
39069,5.06920960,-75.51057920
39070,5.06920960,-75.51057920
39071,5.06920960,-75.51057920
39073,5.06920960,-75.51057920
39074,5.06920960,-75.51057920
39075,5.06920960,-75.51057920
39076,5.06920960,-75.51057920
39077,5.06920960,-75.51057920
39078,5.06920960,-75.51057920
39079,5.06920960,-75.51057920
39080,5.06920960,-75.51057920
39082,5.06920960,-75.51057920
39083,5.06920960,-75.51057920
39084,5.06920960,-75.51057920
39085,5.06920960,-75.51057920
39086,5.06920960,-75.51057920
39087,5.06920960,-75.51057920
39088,5.06920960,-75.51057920
39096,5.06920960,-75.51057920
39089,5.06920960,-75.51057920
39090,5.06920960,-75.51057920
39091,5.06920960,-75.51057920
39092,5.06920960,-75.51057920
39094,5.06920960,-75.51057920
39093,5.06920960,-75.51057920
39095,5.06593280,-75.51057920
39097,5.06920960,-75.51057920
39098,5.07248640,-75.51385600
39100,5.06920960,-75.51057920
39099,5.06920960,-75.51057920
39101,5.06920960,-75.51057920
39102,5.06920960,-75.51057920
39103,5.06920960,-75.51057920
39104,5.07248640,-75.51385600
39108,5.07248640,-75.51385600
39106,5.07248640,-75.51385600
39120,5.07248640,-75.51385600
39107,5.07248640,-75.51385600
39109,5.07248640,-75.51385600
39111,5.07248640,-75.51385600
39110,5.07248640,-75.51385600
39113,5.07248640,-75.51385600
39115,5.07248640,-75.51385600
39116,5.07248640,-75.51385600
39117,5.07248640,-75.51385600
39118,5.07248640,-75.51385600
39119,5.07248640,-75.51385600
39121,5.07248640,-75.51385600
39122,5.07248640,-75.51385600
39123,5.07248640,-75.51385600
39126,5.07248640,-75.51385600
39124,5.07248640,-75.51385600
39125,5.07248640,-75.51385600
39127,5.07248640,-75.51385600
39129,5.05911910,-75.48938210
39130,5.05923990,-75.48947250
39132,5.07248640,-75.51385600
39133,5.07248640,-75.51385600
39134,5.07248640,-75.51385600
39139,5.07248640,-75.51385600
39135,5.07248640,-75.51385600
39142,5.07248640,-75.51385600
39140,5.07248640,-75.51385600
39144,5.05924240,-75.48948010
39141,5.07248640,-75.51385600
39143,5.07248640,-75.51385600
39145,5.04120170,-75.47315890
39146,5.07701700,-75.48856210
39147,5.05921590,-75.48947380
39151,5.06544110,-75.51224810
39148,5.06570520,-75.51985840
39156,5.05923090,-75.48946380
39153,5.06593280,-75.51385600
39155,5.05945850,-75.48200790
39154,5.05931560,-75.48178420
39157,5.08251690,-75.48834770
39158,5.08269730,-75.48936920
39159,5.08275310,-75.48964860
39160,5.07264470,-75.48689940
39161,5.07264470,-75.48689940
39164,5.06801880,-75.52680470
39165,5.06803280,-75.52676800
39166,5.05918830,-75.48943600
39171,5.06781050,-75.52675820
39167,5.06773880,-75.52673090
39169,5.05918830,-75.48943600
39170,5.06759500,-75.52670110
39173,5.06034090,-75.48834840
39175,5.06775960,-75.52672570
39178,5.08218480,-75.48930710
39180,5.08218480,-75.48930710
39235,5.05923930,-75.48950740
39186,5.07277510,-75.48685520
39187,5.05917200,-75.48950720
39188,5.07264300,-75.48699750
39189,5.06452550,-75.50531640
39190,5.07264300,-75.48699750
39193,5.06456160,-75.50528740
39194,5.06454870,-75.50532730
39195,5.05925340,-75.48946620
39196,5.06454450,-75.50530090
39199,5.05925340,-75.48946620
39197,5.05925340,-75.48946620
39198,5.06455560,-75.50528110
39202,5.07265500,-75.48689220
39203,5.05921530,-75.48945410
39204,5.07265500,-75.48689220
39206,5.05924150,-75.48945940
39207,5.05924420,-75.48948220
39209,5.05923790,-75.48944900
39210,5.04908910,-75.48884130
39211,5.05922560,-75.48947500
39212,5.05920960,-75.48946160
39213,5.05924150,-75.48945940
39214,5.05924770,-75.48946180
39218,5.05924770,-75.48946180
39215,5.05924770,-75.48946180
39216,5.05924150,-75.48945940
39217,5.05924770,-75.48946180
39233,5.05918810,-75.48944490
39220,5.05922560,-75.48947500
39221,5.05927240,-75.48946460
39227,5.05923420,-75.48947900
39222,5.05924470,-75.48947260
39225,5.05923720,-75.48946570
39223,5.05923720,-75.48946570
39224,5.05924410,-75.48947470
39226,5.05922660,-75.48946880
39229,5.05924410,-75.48947470
39228,5.05924060,-75.48948070
39234,5.05924060,-75.48948070
39232,5.05924060,-75.48948070
39240,5.05923010,-75.48947460
39236,5.07264390,-75.48700380
39245,5.08254030,-75.48831370
39239,5.06416610,-75.50338520
39243,5.06438270,-75.50304330
39241,5.06431700,-75.50323910
39242,5.06423950,-75.50339860
39244,5.06424820,-75.50340630
39246,5.08244280,-75.48832020
39247,5.05923220,-75.48947540
39248,5.08248250,-75.48830940
39249,5.07259880,-75.48697110
39250,5.05924200,-75.48944580
39254,5.05924070,-75.48946280
39262,5.05405690,-75.49883250
39252,5.05923340,-75.48948480
39253,5.08248720,-75.48849740
39258,5.05400900,-75.49869300
39256,5.05924070,-75.48946280
39259,5.05403930,-75.49874780
39260,5.05917200,-75.48950720
39286,5.05924490,-75.48946660
39265,5.05916550,-75.48944190
39270,5.07260180,-75.48688220
39266,5.05916550,-75.48944190
39268,5.05916550,-75.48944190
39273,5.07260180,-75.48688220
39276,5.05924890,-75.48948370
39297,5.07263960,-75.48698090
39277,5.07263420,-75.48697910
39279,5.05924370,-75.48946110
39280,5.05534560,-75.48486410
39283,5.05923670,-75.48947300
39281,5.06092820,-75.48120370
39282,5.05510100,-75.48493240
39287,5.05910410,-75.48940750
39288,5.05924490,-75.48946660
39289,5.06966490,-75.51304060
39291,5.07259300,-75.48697490
39292,5.05158760,-75.48011500
39296,5.06971200,-75.51302460
39294,5.08254080,-75.48836850
39295,5.06922120,-75.51274960
39300,5.04659070,-75.48397530
39301,5.05916410,-75.48945270
39366,5.05916410,-75.48945270
39302,5.04633160,-75.48385780
39304,5.08254080,-75.48836850
39305,5.08254080,-75.48836850
39308,5.05743520,-75.48505690
39306,5.07260090,-75.48696370
39309,5.05920910,-75.48945370
39310,5.05922710,-75.48946190
39362,5.06656520,-75.52437780
39363,5.05924130,-75.48948330
39364,5.06664650,-75.52438460
39365,5.06675940,-75.52411790
39367,5.05924130,-75.48948330
39359,5.07351840,-75.50000150
39356,5.04495940,-75.50436470
39355,5.04637020,-75.48185640
39354,5.04954880,-75.48108800
39353,5.04635810,-75.48186340
39361,5.05916810,-75.48943450
39352,5.05917190,-75.48945630
39350,5.05924130,-75.48948330
39334,5.04444620,-75.50873260
39335,5.04954880,-75.48108800
39336,5.05920950,-75.48946470
39337,5.05920950,-75.48946470
39348,5.05920170,-75.48943940
39338,5.04954880,-75.48108800
39351,5.04954880,-75.48108800
39339,5.05920950,-75.48946470
39340,5.05917190,-75.48945630
39388,5.06219330,-75.49511500
39341,5.05917190,-75.48945630
39342,5.05917190,-75.48945630
39343,5.05917190,-75.48945630
39344,5.05920950,-75.48946470
39345,5.05921180,-75.48945950
39346,5.05921180,-75.48945950
39391,5.06545160,-75.51222190
39347,5.05921180,-75.48945950
39389,5.05920170,-75.48943940
39373,5.05922760,-75.48946570
39374,5.05921410,-75.48946700
39375,5.05921410,-75.48946700
39376,5.05917300,-75.48945750
39377,5.05921410,-75.48946700
39378,5.05917300,-75.48945750
39379,5.04640710,-75.48179170
39381,5.07260240,-75.48696980
39384,5.05916410,-75.48945270
39383,5.06544460,-75.51222580
39385,5.05910070,-75.48940270
39386,5.05920800,-75.48945440
39387,5.06544320,-75.51224500
39392,5.06627050,-75.51887110
39390,5.06545960,-75.51219320
39394,5.06627050,-75.51887110
39397,5.07259730,-75.48696950
39398,5.07259730,-75.48696950
39400,5.07264750,-75.48686420
39403,5.07264750,-75.48686420
39406,5.07263850,-75.48684580
39408,5.05921360,-75.48947100
39410,5.04871080,-75.48077620
39411,5.05920800,-75.48945440
39414,5.04860300,-75.48071860
39427,5.05895480,-75.48936610
39413,5.04855050,-75.48067620
39415,5.05920800,-75.48945440
39417,5.05922840,-75.48947870
39419,5.07258620,-75.48694210
39420,5.07262720,-75.48685730
39422,5.07258620,-75.48694210
39423,5.07261080,-75.48690460
39424,5.07260790,-75.48684500
39425,5.05909980,-75.48941260
39436,5.05922160,-75.48946920
39429,5.05923380,-75.48948140
39430,5.05922700,-75.48947110
39431,5.05923650,-75.48948200
39432,5.05911300,-75.48940540
39437,5.05401780,-75.49861190
39433,5.05910410,-75.48938690
39434,5.05923240,-75.48948210
39435,5.05923220,-75.48948370
39439,5.07267030,-75.48685250
39441,5.07267030,-75.48685250
39444,5.07258480,-75.48695060
39453,5.07258480,-75.48695060
39452,5.07258480,-75.48695060
39456,5.05399060,-75.49866260
39457,5.05923810,-75.48948070
39458,5.05405410,-75.49864010
39459,5.07260740,-75.48688450
39461,5.05920020,-75.48945100
39462,5.05910670,-75.48942170
39463,5.05918760,-75.48945640
39464,5.05907180,-75.48939210
39466,5.07260740,-75.48688450
39467,5.05922580,-75.48947520
39470,5.07260740,-75.48688450
39472,5.06800310,-75.52729380
39473,5.07264150,-75.48682190
39474,5.07261610,-75.48698190
39477,5.07261610,-75.48698190
39478,5.05922320,-75.48947210
39479,5.06794610,-75.52724730
39480,5.06802170,-75.52725760
39484,5.06791390,-75.52722530
39485,5.05923880,-75.48947030
39488,5.05921660,-75.48946890
39486,5.06803770,-75.52725500
39487,5.06798250,-75.52726780
39489,5.06670670,-75.52446500
39490,5.06663340,-75.52446870
39491,5.07258880,-75.48694610
39493,5.07264240,-75.48698250
39517,5.05395100,-75.49872100
39496,5.07264240,-75.48698250
39497,5.07264240,-75.48698250
39498,5.07264240,-75.48698250
39499,5.07264240,-75.48698250
39503,5.07264240,-75.48698250
39504,5.05397780,-75.49874570
39505,5.05401010,-75.49874740
39507,5.05397400,-75.49872430
39508,5.05922110,-75.48946190
39509,5.05397020,-75.49872200
39512,5.05397020,-75.49872200
39514,5.05397020,-75.49872200
39518,5.05397020,-75.49872200
40309,5.05920370,-75.48941840
39776,5.07226370,-75.51987020
39779,5.05922060,-75.48945360
39796,5.05922370,-75.48946290
39855,5.05922220,-75.48945210
39931,5.05922270,-75.48947120
39932,5.05922480,-75.48945870
40006,5.05923130,-75.48943210
40012,5.05924960,-75.48945190
40019,5.05924730,-75.48945090
40095,5.05922580,-75.48944340
40196,5.05924180,-75.48944940
40200,5.05920250,-75.48944690
40210,5.05920250,-75.48944690
40213,5.05924410,-75.48944750
40220,5.05921430,-75.48943230
40224,5.05921430,-75.48943230
40229,5.05921430,-75.48943230
40230,5.05919600,-75.48945180
40251,5.05924740,-75.48945730
40324,5.05924130,-75.48944510
40350,5.05917020,-75.48943700
40353,5.05922040,-75.48944990
40356,5.05922320,-75.48943950
40355,5.05922320,-75.48943950
40357,5.05922760,-75.48945050
40412,5.05922350,-75.48946190
40537,5.05922000,-75.48946140
40538,5.05918940,-75.48943920
40539,5.05918940,-75.48943920
40540,5.05919740,-75.48943630
40541,5.05920830,-75.48944860
40542,5.05922570,-75.48946840
40543,5.05922570,-75.48946840
40544,5.05922570,-75.48946840
40545,5.05922570,-75.48946840
40546,5.05922000,-75.48946140
40547,5.05922000,-75.48946140
40549,5.07639351,-75.50121473
40550,5.07639351,-75.50121473
40551,5.07639351,-75.50121473
40552,5.07639351,-75.50121473
40553,5.07639351,-75.50121473
40577,5.05921690,-75.48948530